ShortMonth,Amount
Jan,3597578431.382192
Feb,3758645504.093343
Mar,3790438158.3272424
Apr,4582523210.827214
May,4776082316.924478
Jun,4614969805.861082
Jul,4739083939.997079
Aug,4621200022.718261
Sep,4503667439.871658
Oct,4594942499.997395
Nov,5042191212.8726015
Dec,5020903994.804905
